GeoFIPS,GeoName,Region,TableName,LineCode,IndustryClassification,Description,Unit,2008,2009,2010,2011,2012,2013,2014,2015,2016,2017,2018,2019,2020,2021,2022,2023,2024
 "00000","United States", ,SARPI,1,"..."," Real personal income (millions of constant (2017) dollars) 1/","Millions of constant 2017 dollars",13932319.4,13560629.2,13862567.5,14331132.5,14709774.5,14682820.3,15216230.2,15896447.7,16162029.4,16658962.0,17163074.0,17727562.0,18738626.4,19715224.4,19073844.4,19564400.0,20132944.0
 "01000","Alabama",5,SARPI,1,"..."," Real personal income (millions of constant (2017) dollars) 1/","Millions of constant 2017 dollars",199198.2,199669.6,199704.6,201259.2,201300.9,201057.7,205206.7,215065.1,214790.7,220317.2,231135.3,235829.8,252590.1,266978.0,257105.1,260500.6,269312.8
 "02000","Alaska",8,SARPI,1,"..."," Real personal income (millions of constant (2017) dollars) 1/","Millions of constant 2017 dollars",35505.2,35001.4,37959.5,39569.0,40280.7,39504.5,40924.0,41780.8,40448.8,40080.7,40871.3,41762.5,42897.5,42359.2,42901.3,42868.1,44609.1
 "04000","Arizona",6,SARPI,1,"..."," Real personal income (millions of constant (2017) dollars) 1/","Millions of constant 2017 dollars",244718.7,232375.6,237887.2,247435.9,255416.2,257019.6,267057.4,281366.8,289173.6,304305.2,318094.0,333846.6,361459.0,395881.5,375776.1,388295.5,401032.4
 "05000","Arkansas",5,SARPI,1,"..."," Real personal income (millions of constant (2017) dollars) 1/","Millions of constant 2017 dollars",117767.6,118635.8,117585.9,121265.3,126793.7,125232.1,130516.4,134891.0,136745.8,140148.5,145325.0,144940.8,154382.4,167035.5,162414.2,166040.2,170535.5
 "06000","California",8,SARPI,1,"..."," Real personal income (millions of constant (2017) dollars) 1/","Millions of constant 2017 dollars",1602831.7,1566312.4,1623646.0,1688432.8,1752833.7,1754787.3,1834208.0,1950467.9,2031874.1,2072501.7,2116099.3,2211945.4,2371052.9,2480586.7,2314340.1,2355848.6,2485266.8
 "08000","Colorado",7,SARPI,1,"..."," Real personal income (millions of constant (2017) dollars) 1/","Millions of constant 2017 dollars",228209.5,220156.7,226626.3,233665.2,242406.6,251274.1,268525.7,279424.9,281603.0,295376.1,321258.8,331925.1,345691.4,374187.2,378370.3,385731.1,388565.9
 "09000","Connecticut",1,SARPI,1,"..."," Real personal income (millions of constant (2017) dollars) 1/","Millions of constant 2017 dollars",218132.7,215838.8,227267.1,226456.7,225573.1,217200.1,224548.0,228980.2,231197.5,233182.3,246000.2,249219.5,250658.2,264804.1,250541.0,261987.8,272888.7
 "10000","Delaware",2,SARPI,1,"..."," Real personal income (millions of constant (2017) dollars) 1/","Millions of constant 2017 dollars",40619.4,40385.2,40290.4,42715.8,42684.5,43117.1,43864.3,46921.0,47554.4,48924.4,50605.7,51688.2,54508.4,56795.2,57533.7,56292.2,58050.3
 "11000","District of Columbia",2,SARPI,1,"..."," Real personal income (millions of constant (2017) dollars) 1/","Millions of constant 2017 dollars",35127.0,35409.2,37010.4,39130.2,40400.3,39794.2,41624.1,45188.4,47338.6,49285.4,49747.8,50962.4,52601.7,54132.6,52270.8,54979.2,57494.6
 "12000","Florida",5,SARPI,1,"..."," Real personal income (millions of constant (2017) dollars) 1/","Millions of constant 2017 dollars",801477.9,768651.4,805228.9,823691.3,832186.3,824545.6,867055.0,920269.9,947135.3,1004626.2,1055189.5,1113106.5,1163744.0,1239823.2,1234512.1,1285829.7,1335270.6
 "13000","Georgia",5,SARPI,1,"..."," Real personal income (millions of constant (2017) dollars) 1/","Millions of constant 2017 dollars",399225.7,403504.3,394716.1,415256.3,410188.3,412257.4,432726.0,460020.3,473413.7,491936.0,508501.9,529625.8,560456.0,583326.0,565521.0,571396.9,592047.5
 "15000","Hawaii",8,SARPI,1,"..."," Real personal income (millions of constant (2017) dollars) 1/","Millions of constant 2017 dollars",57056.0,55352.8,57204.3,58130.7,59767.8,57689.2,60761.9,62967.7,65635.7,66825.6,66626.3,68056.0,69991.5,72417.4,70609.8,73399.8,75592.6
 "16000","Idaho",7,SARPI,1,"..."," Real personal income (millions of constant (2017) dollars) 1/","Millions of constant 2017 dollars",59287.9,57579.4,59592.3,60853.8,63138.7,64487.6,67009.9,70499.1,73782.2,75795.7,81917.4,86874.6,96790.7,106366.6,104167.8,105063.9,105717.2
 "17000","Illinois",3,SARPI,1,"..."," Real personal income (millions of constant (2017) dollars) 1/","Millions of constant 2017 dollars",616665.2,582684.3,587940.9,601301.9,623089.4,632058.1,650928.3,683950.7,681158.4,685499.0,706702.3,722038.9,752707.9,770715.5,731815.7,762930.5,766844.7
 "18000","Indiana",3,SARPI,1,"..."," Real personal income (millions of constant (2017) dollars) 1/","Millions of constant 2017 dollars",276621.3,268754.3,274763.1,287031.0,292681.0,292105.4,299545.9,314633.2,320667.2,328682.1,331322.7,340318.6,367057.1,388411.4,376924.8,380832.8,384727.6
 "19000","Iowa",4,SARPI,1,"..."," Real personal income (millions of constant (2017) dollars) 1/","Millions of constant 2017 dollars",149194.6,141723.7,141461.6,150750.6,152990.9,153533.6,156092.7,163884.0,163982.9,166184.4,165466.6,166745.3,177734.4,190847.8,191347.6,188746.4,194957.5
 "20000","Kansas",4,SARPI,1,"..."," Real personal income (millions of constant (2017) dollars) 1/","Millions of constant 2017 dollars",144005.8,136767.9,135441.0,143295.9,147414.0,149593.2,149183.9,151058.5,151466.6,154709.4,156591.3,159704.4,168526.7,175277.6,174906.3,173147.6,175777.6
 "21000","Kentucky",5,SARPI,1,"..."," Real personal income (millions of constant (2017) dollars) 1/","Millions of constant 2017 dollars",175949.6,176775.0,176575.0,180578.1,182870.0,181611.6,186647.9,195462.0,197094.6,201434.8,206079.2,211216.0,228307.7,241210.9,229419.2,234029.7,239927.2
 "22000","Louisiana",5,SARPI,1,"..."," Real personal income (millions of constant (2017) dollars) 1/","Millions of constant 2017 dollars",208613.8,206405.3,207601.0,207542.7,213414.6,213448.9,218254.9,220042.5,215052.3,220792.7,229725.3,232853.0,245392.8,256707.0,242459.2,253421.3,261099.7
 "23000","Maine",1,SARPI,1,"..."," Real personal income (millions of constant (2017) dollars) 1/","Millions of constant 2017 dollars",56066.9,56306.5,57282.2,58987.7,58150.6,56601.9,61269.2,61585.4,62182.5,63433.7,64823.6,68692.4,72558.9,77352.3,73361.1,77652.2,80760.2
 "24000","Maryland",2,SARPI,1,"..."," Real personal income (millions of constant (2017) dollars) 1/","Millions of constant 2017 dollars",287490.8,283143.6,293231.2,299286.6,306102.5,297959.6,304839.6,317635.3,327315.8,334346.1,339749.2,350410.7,360854.1,370760.9,360355.7,372536.0,382750.4
 "25000","Massachusetts",1,SARPI,1,"..."," Real personal income (millions of constant (2017) dollars) 1/","Millions of constant 2017 dollars",352917.3,353187.7,365640.2,374024.5,381763.3,383800.2,391038.3,413951.1,413469.3,429079.4,442384.9,458776.9,475970.3,507296.4,472833.0,490225.0,511156.2
 "26000","Michigan",3,SARPI,1,"..."," Real personal income (millions of constant (2017) dollars) 1/","Millions of constant 2017 dollars",417263.5,397555.8,404950.0,422784.4,431971.7,429232.4,439786.2,471589.9,480824.3,491723.9,492656.7,496915.8,539756.7,559092.6,537261.1,543524.1,543212.8
 "27000","Minnesota",4,SARPI,1,"..."," Real personal income (millions of constant (2017) dollars) 1/","Millions of constant 2017 dollars",261521.9,246802.2,256179.5,268107.3,277821.7,276215.2,283351.7,298255.6,303050.0,312652.6,313085.9,322728.2,343436.4,361668.8,352067.1,353202.1,359401.5
 "28000","Mississippi",5,SARPI,1,"..."," Real personal income (millions of constant (2017) dollars) 1/","Millions of constant 2017 dollars",115457.2,117564.9,116156.6,117314.8,119271.4,119318.9,119880.7,122202.8,122551.4,124678.7,127555.0,129997.5,140627.4,147853.8,136483.6,139851.5,142634.5
 "29000","Missouri",4,SARPI,1,"..."," Real personal income (millions of constant (2017) dollars) 1/","Millions of constant 2017 dollars",279120.5,269314.8,263509.6,269311.9,276127.1,273143.4,276962.3,289386.5,297015.5,299142.2,305993.4,311223.5,334013.0,350962.0,342753.5,353314.5,361302.7
 "30000","Montana",7,SARPI,1,"..."," Real personal income (millions of constant (2017) dollars) 1/","Millions of constant 2017 dollars",41434.1,40990.8,42689.0,43609.0,45963.4,45905.4,46483.3,48326.3,49191.9,51077.7,53509.4,54847.2,60668.1,65987.8,66620.8,68315.0,67328.1
 "31000","Nebraska",4,SARPI,1,"..."," Real personal income (millions of constant (2017) dollars) 1/","Millions of constant 2017 dollars",90689.5,88768.7,90363.6,99308.3,98981.8,97944.8,102340.1,106917.8,105101.3,106950.7,106994.1,109431.2,115341.2,125052.3,125633.1,130762.1,130950.5
 "32000","Nevada",8,SARPI,1,"..."," Real personal income (millions of constant (2017) dollars) 1/","Millions of constant 2017 dollars",113685.7,105966.9,110600.1,110424.7,113336.8,114039.4,120069.8,130615.4,136257.2,139375.9,151444.8,156090.3,168014.8,185275.0,178334.9,181933.9,184622.3
 "33000","New Hampshire",1,SARPI,1,"..."," Real personal income (millions of constant (2017) dollars) 1/","Millions of constant 2017 dollars",63626.7,63589.3,65811.1,67676.2,69282.0,68262.8,70315.8,72056.8,72986.8,74537.2,78095.3,81642.1,84778.4,92038.0,84127.9,87580.2,91069.1
 "34000","New Jersey",2,SARPI,1,"..."," Real personal income (millions of constant (2017) dollars) 1/","Millions of constant 2017 dollars",469074.7,442685.9,456510.9,463601.4,469740.9,469322.6,481627.2,500984.3,509825.8,519282.4,523536.7,544214.9,565204.2,595905.1,570773.8,583327.5,599900.8
 "35000","New Mexico",6,SARPI,1,"..."," Real personal income (millions of constant (2017) dollars) 1/","Millions of constant 2017 dollars",79611.3,78633.5,81356.0,81162.2,81922.4,79933.9,83436.7,85395.0,87199.4,86237.9,92327.5,94957.8,102930.3,110334.8,106485.7,107373.7,108899.9
 "36000","New York",2,SARPI,1,"..."," Real personal income (millions of constant (2017) dollars) 1/","Millions of constant 2017 dollars",927731.0,919284.2,951036.5,968901.4,1004695.9,1002080.5,1032357.8,1068236.4,1089840.9,1144417.7,1164512.2,1188668.6,1231495.1,1271985.2,1223723.0,1245294.4,1274544.2
 "37000","North Carolina",5,SARPI,1,"..."," Real personal income (millions of constant (2017) dollars) 1/","Millions of constant 2017 dollars",426909.1,418810.4,408600.1,409383.0,428034.7,416158.2,432800.3,456242.8,466394.0,484681.8,500087.7,528502.8,567894.2,593139.1,580567.5,595725.4,622004.7
 "38000","North Dakota",4,SARPI,1,"..."," Real personal income (millions of constant (2017) dollars) 1/","Millions of constant 2017 dollars",35207.3,34250.0,36957.6,40473.5,45524.0,44817.5,47038.6,45681.9,43676.6,44930.4,45846.7,45696.5,49169.5,52028.8,53921.1,53168.7,51992.7
 "39000","Ohio",3,SARPI,1,"..."," Real personal income (millions of constant (2017) dollars) 1/","Millions of constant 2017 dollars",511980.5,494214.7,501691.2,526616.8,530859.0,530441.4,545829.5,570833.2,576028.8,590182.3,594038.8,604155.5,649815.5,674728.8,646387.8,659652.9,668224.0
 "40000","Oklahoma",6,SARPI,1,"..."," Real personal income (millions of constant (2017) dollars) 1/","Millions of constant 2017 dollars",180078.8,169579.0,170656.1,178351.8,185621.3,191650.3,199438.8,194614.5,183517.2,189698.6,198066.5,205859.3,211888.4,222918.8,226431.4,231585.9,240366.7
 "41000","Oregon",8,SARPI,1,"..."," Real personal income (millions of constant (2017) dollars) 1/","Millions of constant 2017 dollars",159403.1,150915.0,153467.4,157167.5,159842.1,161594.8,170721.8,180687.2,190536.0,194853.2,197075.1,205147.9,223124.1,237609.9,218742.6,227380.3,236908.1
 "42000","Pennsylvania",2,SARPI,1,"..."," Real personal income (millions of constant (2017) dollars) 1/","Millions of constant 2017 dollars",592012.3,579841.1,598599.9,617736.5,632146.5,630112.0,648460.2,666917.9,681377.1,679378.3,707361.4,720483.0,768051.9,796775.0,757072.6,755376.8,766681.3
 "44000","Rhode Island",1,SARPI,1,"..."," Real personal income (millions of constant (2017) dollars) 1/","Millions of constant 2017 dollars",47416.7,46330.4,48875.2,49822.6,51121.6,49655.5,51460.6,52249.2,52707.7,53546.1,54778.0,57037.2,61185.9,62308.5,58518.3,60843.0,62154.0
 "45000","South Carolina",5,SARPI,1,"..."," Real personal income (millions of constant (2017) dollars) 1/","Millions of constant 2017 dollars",183034.2,181593.1,181171.7,185734.0,190850.8,190707.2,199973.2,211868.6,217818.8,227144.2,234131.5,247867.8,263830.8,272409.8,266549.2,276503.0,287438.5
 "46000","South Dakota",4,SARPI,1,"..."," Real personal income (millions of constant (2017) dollars) 1/","Millions of constant 2017 dollars",43139.2,41641.9,41961.0,45321.3,43934.8,43864.5,45697.2,48261.9,48541.2,49402.7,48603.2,50613.8,55506.5,61455.3,62288.0,64153.8,63943.9
 "47000","Tennessee",5,SARPI,1,"..."," Real personal income (millions of constant (2017) dollars) 1/","Millions of constant 2017 dollars",267290.0,270125.4,272658.2,280458.6,286446.8,286053.2,293179.3,307645.7,311436.7,322454.5,346314.2,355930.1,381192.6,408115.2,392124.2,409179.7,423415.7
 "48000","Texas",6,SARPI,1,"..."," Real personal income (millions of constant (2017) dollars) 1/","Millions of constant 2017 dollars",1119862.8,1075132.0,1112452.4,1195876.2,1238906.9,1250339.1,1317164.6,1341875.7,1326896.0,1407127.7,1469625.4,1510420.1,1555001.1,1668999.2,1699958.5,1773259.8,1821733.6
 "49000","Utah",7,SARPI,1,"..."," Real personal income (millions of constant (2017) dollars) 1/","Millions of constant 2017 dollars",104124.7,97470.2,101137.4,103655.8,108604.6,111367.4,116906.2,126172.1,132891.8,136610.2,147924.9,154981.3,170964.1,189584.2,187858.1,192818.6,193105.9
 "50000","Vermont",1,SARPI,1,"..."," Real personal income (millions of constant (2017) dollars) 1/","Millions of constant 2017 dollars",28369.4,27997.8,28931.7,29992.9,29973.3,29840.1,31290.2,31491.0,32256.4,31927.8,32453.0,33853.7,35075.9,36850.9,35282.6,37664.9,38191.8
 "51000","Virginia",5,SARPI,1,"..."," Real personal income (millions of constant (2017) dollars) 1/","Millions of constant 2017 dollars",386625.0,384181.3,388969.8,402342.2,415525.0,402485.9,413276.7,430487.4,441172.2,457862.8,462063.3,485404.8,503452.8,523198.8,510556.9,528937.9,545536.5
 "53000","Washington",8,SARPI,1,"..."," Real personal income (millions of constant (2017) dollars) 1/","Millions of constant 2017 dollars",310844.9,299057.5,307360.9,316118.2,335600.6,337589.6,352461.3,371126.8,383736.1,396143.2,413964.8,434365.5,464423.2,483952.5,464534.6,488240.8,512676.2
 "54000","West Virginia",5,SARPI,1,"..."," Real personal income (millions of constant (2017) dollars) 1/","Millions of constant 2017 dollars",74230.0,75999.9,75322.3,77410.4,77668.9,75469.9,77045.2,77801.8,77284.0,79765.1,81528.2,83894.7,88241.8,88254.2,86074.4,86879.2,88588.5
 "55000","Wisconsin",3,SARPI,1,"..."," Real personal income (millions of constant (2017) dollars) 1/","Millions of constant 2017 dollars",264087.5,258677.6,259593.2,270083.7,274612.6,273633.8,280457.6,293691.9,296399.8,302189.3,309112.6,315491.3,338381.1,351814.3,340694.5,342726.0,347364.8
 "56000","Wyoming",7,SARPI,1,"..."," Real personal income (millions of constant (2017) dollars) 1/","Millions of constant 2017 dollars",31804.9,29033.8,30343.4,31724.7,33939.0,32961.4,34589.4,34785.4,32431.4,33520.4,36169.8,36600.0,39227.8,41652.6,42531.6,44069.3,44365.8
 "00000","United States", ,SARPI,2,"..."," Real per capita personal income (constant (2017) dollars) 2/","Constant 2017 dollars",45816,44204,44808,45957,46796,46358,47661,49396,49828,51006,52242,53683,56514,59365,57104,58088,59195
 "01000","Alabama",5,SARPI,2,"..."," Real per capita personal income (constant (2017) dollars) 2/","Constant 2017 dollars",42219,41966,41709,41819,41592,41325,41984,43809,43554,44481,46440,47130,50186,52875,50649,50902,52216
 "02000","Alaska",8,SARPI,2,"..."," Real per capita personal income (constant (2017) dollars) 2/","Constant 2017 dollars",51647,50081,53163,54766,55096,53525,55480,56528,54411,54022,55403,56834,58522,57677,58413,58204,60272
 "04000","Arizona",6,SARPI,2,"..."," Real per capita personal income (constant (2017) dollars) 2/","Constant 2017 dollars",38966,36634,37162,38403,39284,39204,40281,41960,42568,44279,45675,47236,50292,54424,50935,51960,52890
 "05000","Arkansas",5,SARPI,2,"..."," Real per capita personal income (constant (2017) dollars) 2/","Constant 2017 dollars",40969,40953,40248,41264,42999,42386,44078,45415,45881,46861,48487,48246,51212,55184,53291,54094,55219
 "06000","California",8,SARPI,2,"..."," Real per capita personal income (constant (2017) dollars) 2/","Constant 2017 dollars",43788,42377,43503,44844,46162,45826,47472,50054,51802,52569,53523,55931,59993,63373,59126,60100,63028
 "08000","Colorado",7,SARPI,2,"..."," Real per capita personal income (constant (2017) dollars) 2/","Constant 2017 dollars",46671,44278,44904,45648,46723,47745,50265,51351,50937,52749,56590,57869,59735,64359,64668,65363,65223
 "09000","Connecticut",1,SARPI,2,"..."," Real per capita personal income (constant (2017) dollars) 2/","Constant 2017 dollars",61522,60598,63477,63006,62569,60162,62123,63396,64086,64637,68121,69091,70018,73422,69250,71915,74254
 "10000","Delaware",2,SARPI,2,"..."," Real per capita personal income (constant (2017) dollars) 2/","Constant 2017 dollars",45956,45289,44778,47032,46566,46578,46900,49667,49892,50878,52109,52671,54952,56509,56371,54314,55185
 "11000","District of Columbia",2,SARPI,2,"..."," Real per capita personal income (constant (2017) dollars) 2/","Constant 2017 dollars",60539,59790,61203,63372,64062,61773,63647,67939,70295,72407,72574,74146,78403,80885,77241,79990,81872
 "12000","Florida",5,SARPI,2,"..."," Real per capita personal income (constant (2017) dollars) 2/","Constant 2017 dollars",43259,41209,42735,43268,43189,42278,43812,45693,46126,48141,49935,52128,53897,56789,55163,56138,57131
 "13000","Georgia",5,SARPI,2,"..."," Real per capita personal income (constant (2017) dollars) 2/","Constant 2017 dollars",42002,41941,40640,42349,41403,41305,42937,45136,45879,47171,48278,49762,52219,54051,51732,51643,52952
 "15000","Hawaii",8,SARPI,2,"..."," Real per capita personal income (constant (2017) dollars) 2/","Constant 2017 dollars",42828,41102,41904,41967,42532,40531,42363,43533,45054,45829,45636,46712,48228,50046,49022,50923,52272
 "16000","Idaho",7,SARPI,2,"..."," Real per capita personal income (constant (2017) dollars) 2/","Constant 2017 dollars",38641,37042,37925,38348,39447,39836,40832,42381,43476,43689,46299,48040,52336,55840,53576,53302,52816
 "17000","Illinois",3,SARPI,2,"..."," Real per capita personal income (constant (2017) dollars) 2/","Constant 2017 dollars",48377,45534,45770,46640,48199,48770,50191,52761,52619,53045,54837,56192,58809,60683,57980,60348,60333
 "18000","Indiana",3,SARPI,2,"..."," Real per capita personal income (constant (2017) dollars) 2/","Constant 2017 dollars",43055,41607,42327,44014,44708,44383,45316,47464,48157,49158,49260,50329,54055,56986,55069,55353,55562
 "19000","Iowa",4,SARPI,2,"..."," Real per capita personal income (constant (2017) dollars) 2/","Constant 2017 dollars",49456,46729,46358,49104,49628,49488,50001,52254,52065,52544,52172,52372,55696,59666,59743,58646,60144
 "20000","Kansas",4,SARPI,2,"..."," Real per capita personal income (constant (2017) dollars) 2/","Constant 2017 dollars",51283,48282,47376,49885,50988,51553,51238,51685,51744,52848,53415,54437,57358,59652,59546,58664,59172
 "21000","Kentucky",5,SARPI,2,"..."," Real per capita personal income (constant (2017) dollars) 2/","Constant 2017 dollars",41015,40948,40600,41282,41617,41126,42144,43986,44214,45005,45925,46956,50641,53512,50765,51428,52290
 "22000","Louisiana",5,SARPI,2,"..."," Real per capita personal income (constant (2017) dollars) 2/","Constant 2017 dollars",47032,45953,45679,45344,46358,46119,46949,47113,45897,47192,49191,49920,52747,55469,52781,55235,56789
 "23000","Maine",1,SARPI,2,"..."," Real per capita personal income (constant (2017) dollars) 2/","Constant 2017 dollars",42139,42349,43135,44350,43691,42472,45839,46105,46395,47164,47996,50601,53173,56096,52743,55480,57480
 "24000","Maryland",2,SARPI,2,"..."," Real per capita personal income (constant (2017) dollars) 2/","Constant 2017 dollars",50570,49411,50629,51117,51751,49964,50722,52499,53830,54690,55341,56850,58410,59999,58193,59922,61111
 "25000","Massachusetts",1,SARPI,2,"..."," Real per capita personal income (constant (2017) dollars) 2/","Constant 2017 dollars",54555,54190,55655,56408,57031,56792,57330,60284,59839,61657,63248,65383,68048,72466,67331,69372,71629
 "26000","Michigan",3,SARPI,2,"..."," Real per capita personal income (constant (2017) dollars) 2/","Constant 2017 dollars",41949,40151,40986,42724,43541,43149,44089,47218,48000,48928,48921,49306,53586,55679,53454,53903,53569
 "27000","Minnesota",4,SARPI,2,"..."," Real per capita personal income (constant (2017) dollars) 2/","Constant 2017 dollars",49842,46732,48225,50086,51554,50857,51761,54124,54535,55771,55408,56749,60139,63244,61533,61394,62039
 "28000","Mississippi",5,SARPI,2,"..."," Real per capita personal income (constant (2017) dollars) 2/","Constant 2017 dollars",39167,39734,39105,39395,39992,39951,40125,40939,41065,41790,42881,43785,47533,50167,46392,47517,48465
 "29000","Missouri",4,SARPI,2,"..."," Real per capita personal income (constant (2017) dollars) 2/","Constant 2017 dollars",47118,45179,43946,44799,45817,45192,45700,47620,48744,48930,49929,50660,54269,56869,55467,56912,57850
 "30000","Montana",7,SARPI,2,"..."," Real per capita personal income (constant (2017) dollars) 2/","Constant 2017 dollars",42435,41658,43082,43686,45713,45180,45344,46713,47039,48274,50168,50997,55801,59635,59372,60386,59203
 "31000","Nebraska",4,SARPI,2,"..."," Real per capita personal income (constant (2017) dollars) 2/","Constant 2017 dollars",50485,48971,49374,53857,53241,52274,54141,56132,54694,55285,54996,55976,58746,63655,63701,65780,65297
 "32000","Nevada",8,SARPI,2,"..."," Real per capita personal income (constant (2017) dollars) 2/","Constant 2017 dollars",42842,39471,40934,40745,41375,41182,42748,45734,46911,47170,50297,50866,53903,58852,56149,56600,56503
 "33000","New Hampshire",1,SARPI,2,"..."," Real per capita personal income (constant (2017) dollars) 2/","Constant 2017 dollars",48352,48316,49967,51195,52195,51281,52500,53623,54017,54844,57215,59512,61489,66325,60234,62459,64632
 "34000","New Jersey",2,SARPI,2,"..."," Real per capita personal income (constant (2017) dollars) 2/","Constant 2017 dollars",53848,50560,51821,52218,52572,52221,53299,55179,55887,56587,56782,58774,60953,64279,61405,62191,63142
 "35000","New Mexico",6,SARPI,2,"..."," Real per capita personal income (constant (2017) dollars) 2/","Constant 2017 dollars",39595,38606,39400,38980,39192,38127,39825,40741,41530,41044,43899,45000,48584,52110,50375,50620,51121
 "36000","New York",2,SARPI,2,"..."," Real per capita personal income (constant (2017) dollars) 2/","Constant 2017 dollars",48288,47614,48971,49428,50848,50375,51614,53180,54091,56690,57594,58786,61253,64085,62106,63093,64153
 "37000","North Carolina",5,SARPI,2,"..."," Real per capita personal income (constant (2017) dollars) 2/","Constant 2017 dollars",45858,44321,42691,42462,44038,42463,43820,45796,46302,47646,48676,50966,54346,56146,54204,54748,56310
 "38000","North Dakota",4,SARPI,2,"..."," Real per capita personal income (constant (2017) dollars) 2/","Constant 2017 dollars",53542,51506,54744,58891,64541,61592,63171,59886,57110,58594,59425,58846,63073,66878,69036,67383,65271
 "39000","Ohio",3,SARPI,2,"..."," Real per capita personal income (constant (2017) dollars) 2/","Constant 2017 dollars",44461,42867,43467,45562,45869,45680,46857,48895,49223,50280,50500,51249,55074,57339,54882,55789,56232
 "40000","Oklahoma",6,SARPI,2,"..."," Real per capita personal income (constant (2017) dollars) 2/","Constant 2017 dollars",49081,45616,45393,47102,48653,49806,51516,49890,46855,48389,50420,52199,53434,55838,56239,56986,58692
 "41000","Oregon",8,SARPI,2,"..."," Real per capita personal income (constant (2017) dollars) 2/","Constant 2017 dollars",42296,39625,39990,40584,40984,41181,43053,44964,46550,46985,47109,48660,52577,55852,51501,53455,55451
 "42000","Pennsylvania",2,SARPI,2,"..."," Real per capita personal income (constant (2017) dollars) 2/","Constant 2017 dollars",46939,45776,47072,48362,49325,49047,50343,51702,52744,52479,54492,55458,59098,61217,58304,58027,58620
 "44000","Rhode Island",1,SARPI,2,"..."," Real per capita personal income (constant (2017) dollars) 2/","Constant 2017 dollars",44945,43972,46328,47058,48058,46478,47949,48489,48694,49346,50171,52109,55800,56786,53223,55140,55878
 "45000","South Carolina",5,SARPI,2,"..."," Real per capita personal income (constant (2017) dollars) 2/","Constant 2017 dollars",40414,39564,39099,39842,40612,40250,41750,43683,44377,45761,46643,48823,51406,52444,50407,51320,52463
 "46000","South Dakota",4,SARPI,2,"..."," Real per capita personal income (constant (2017) dollars) 2/","Constant 2017 dollars",53983,51597,51419,55061,52760,52150,53918,56644,56407,56779,55531,57354,62511,68551,68469,69861,69153
 "47000","Tennessee",5,SARPI,2,"..."," Real per capita personal income (constant (2017) dollars) 2/","Constant 2017 dollars",42784,42836,42895,43790,44317,43952,44696,46517,46670,47841,50876,51865,55023,58589,55524,57242,58582
 "48000","Texas",6,SARPI,2,"..."," Real per capita personal income (constant (2017) dollars) 2/","Constant 2017 dollars",46068,43349,44078,46663,47554,47301,48959,48983,47686,49918,51551,52343,53181,56442,56452,57708,58219
 "49000","Utah",7,SARPI,2,"..."," Real per capita personal income (constant (2017) dollars) 2/","Constant 2017 dollars",39100,35790,36430,36773,37956,38281,39603,42051,43368,43690,46494,47937,52058,56766,55399,55999,55116
 "50000","Vermont",1,SARPI,2,"..."," Real per capita personal income (constant (2017) dollars) 2/","Constant 2017 dollars",45453,44810,46190,47638,47524,47151,49364,49521,50686,49958,50654,52744,54552,56938,54437,58061,58893
 "51000","Virginia",5,SARPI,2,"..."," Real per capita personal income (constant (2017) dollars) 2/","Constant 2017 dollars",49355,48471,48469,49623,50690,48667,49588,51307,52239,53847,54059,56459,58286,60423,58797,60556,61914
 "53000","Washington",8,SARPI,2,"..."," Real per capita personal income (constant (2017) dollars) 2/","Constant 2017 dollars",47369,44854,45578,46278,48605,48400,49860,51679,52446,53192,54837,56862,60102,62496,59601,62138,64421
 "54000","West Virginia",5,SARPI,2,"..."," Real per capita personal income (constant (2017) dollars) 2/","Constant 2017 dollars",40336,41131,40618,41679,41787,40650,41580,42140,42095,43761,45029,46597,49252,49425,48517,49071,50051
 "55000","Wisconsin",3,SARPI,2,"..."," Real per capita personal income (constant (2017) dollars) 2/","Constant 2017 dollars",46816,45628,45606,47272,47889,47526,48532,50684,50991,51773,52759,53652,57378,59816,57706,57791,58273
 "56000","Wyoming",7,SARPI,2,"..."," Real per capita personal income (constant (2017) dollars) 2/","Constant 2017 dollars",58246,51860,53762,55967,58974,56738,59538,59598,55723,58171,62928,63616,67906,71860,73081,75323,75501
 "00000","United States", ,SARPI,3,"..."," Real PCE (millions of constant (2017) dollars) 3/","Millions of constant 2017 dollars",11270735.8,11123596.9,11335603.3,11528483.8,11686117.9,11889925.2,12226445.7,12638789.0,12949012.2,13290625.5,13654925.4,13948133.0,13596859.7,14792434.4,15236820.9,15627774.0,16088499.7
 "01000","Alabama",5,SARPI,3,"..."," Real PCE (millions of constant (2017) dollars) 3/","Millions of constant 2017 dollars",164002.0,164315.8,162816.2,163734.0,163476.7,166399.2,169431.7,174983.4,177201.1,181561.7,190049.0,193715.8,192083.7,207416.8,211189.7,214646.7,221136.9
 "02000","Alaska",8,SARPI,3,"..."," Real PCE (millions of constant (2017) dollars) 3/","Millions of constant 2017 dollars",28878.3,28782.1,30580.9,31246.7,32017.9,32403.8,32825.7,33109.6,33216.6,33316.6,33810.0,34571.7,33101.2,34783.6,36658.2,37288.2,38798.6
 "04000","Arizona",6,SARPI,3,"..."," Real PCE (millions of constant (2017) dollars) 3/","Millions of constant 2017 dollars",216139.8,208670.8,215861.4,221398.1,226490.8,229967.2,237743.3,246536.4,251396.5,264545.7,275538.9,283271.2,281335.5,319401.5,321977.2,329018.6,342330.5
 "05000","Arkansas",5,SARPI,3,"..."," Real PCE (millions of constant (2017) dollars) 3/","Millions of constant 2017 dollars",95679.3,96991.4,96629.8,97639.0,98497.3,99344.0,102030.1,105492.6,108090.2,110718.1,115103.8,114963.1,114509.0,123211.2,127764.5,130272.8,132881.8
 "06000","California",8,SARPI,3,"..."," Real PCE (millions of constant (2017) dollars) 3/","Millions of constant 2017 dollars",1305811.1,1273646.5,1307178.4,1332709.1,1359268.0,1384173.5,1425815.1,1481704.3,1541503.9,1578516.1,1625719.9,1687457.4,1611943.7,1768334.7,1812361.5,1866148.5,1945732.3
 "08000","Colorado",7,SARPI,3,"..."," Real PCE (millions of constant (2017) dollars) 3/","Millions of constant 2017 dollars",188084.8,187531.5,193298.2,192655.0,194627.8,201471.4,210553.0,221877.3,231593.8,240885.7,255815.0,260214.1,252667.4,282229.9,295687.2,305000.9,310627.1
 "09000","Connecticut",1,SARPI,3,"..."," Real PCE (millions of constant (2017) dollars) 3/","Millions of constant 2017 dollars",148193.3,145204.5,151488.9,150798.5,152264.5,153614.6,158210.8,161201.4,162528.0,165139.7,173133.0,173598.2,167645.5,183278.9,178823.5,186004.9,191152.2
 "10000","Delaware",2,SARPI,3,"..."," Real PCE (millions of constant (2017) dollars) 3/","Millions of constant 2017 dollars",36722.4,35915.2,36713.2,37831.5,38278.1,39133.9,39892.8,41535.8,41910.2,42832.7,43894.0,44832.1,44130.9,48197.0,49250.2,50242.6,51253.2
 "11000","District of Columbia",2,SARPI,3,"..."," Real PCE (millions of constant (2017) dollars) 3/","Millions of constant 2017 dollars",33323.8,32626.3,33417.5,34002.7,35340.5,35832.2,36628.4,38266.6,39374.3,41112.1,42172.5,43918.6,40541.7,43683.7,44270.2,46286.8,48421.5
 "12000","Florida",5,SARPI,3,"..."," Real PCE (millions of constant (2017) dollars) 3/","Millions of constant 2017 dollars",705517.3,694343.6,707921.9,719809.2,732061.8,749321.8,779630.8,815869.4,840977.4,871156.6,908425.7,938510.8,917797.7,1013913.6,1060655.1,1095471.1,1144372.0
 "13000","Georgia",5,SARPI,3,"..."," Real PCE (millions of constant (2017) dollars) 3/","Millions of constant 2017 dollars",335688.8,336729.0,330970.1,340701.2,339595.1,348892.8,361530.2,376369.2,386945.8,399194.0,413221.8,426049.5,417507.1,453833.2,468970.9,478811.4,495810.4
 "15000","Hawaii",8,SARPI,3,"..."," Real PCE (millions of constant (2017) dollars) 3/","Millions of constant 2017 dollars",48416.9,46865.0,48416.9,48791.9,50281.0,49968.1,51694.6,52720.6,54266.9,55509.9,56514.8,57788.5,54061.1,58646.1,60840.4,62996.1,64569.6
 "16000","Idaho",7,SARPI,3,"..."," Real PCE (millions of constant (2017) dollars) 3/","Millions of constant 2017 dollars",49452.5,48190.1,49561.8,49866.7,50895.6,52667.5,54375.9,55404.0,58656.8,60035.4,64185.3,65586.2,67480.3,76142.6,79980.5,81323.8,81522.8
 "17000","Illinois",3,SARPI,3,"..."," Real PCE (millions of constant (2017) dollars) 3/","Millions of constant 2017 dollars",484856.8,469610.6,476343.4,480783.9,487816.0,496417.9,509151.7,527780.6,534212.9,538218.5,548709.9,558318.1,535626.2,570600.0,587745.7,614454.9,623219.9
 "18000","Indiana",3,SARPI,3,"..."," Real PCE (millions of constant (2017) dollars) 3/","Millions of constant 2017 dollars",228423.1,224135.6,226444.2,231010.0,234198.8,236097.3,241500.6,250481.3,256805.0,266131.5,266986.3,269957.4,270394.9,289245.9,302295.6,306736.3,310892.5
 "19000","Iowa",4,SARPI,3,"..."," Real PCE (millions of constant (2017) dollars) 3/","Millions of constant 2017 dollars",115264.0,112495.8,112658.4,116858.1,116719.8,117979.2,120676.3,124600.8,127659.2,130420.4,128030.7,129451.7,127704.9,138544.3,142872.7,143570.1,147759.5
 "20000","Kansas",4,SARPI,3,"..."," Real PCE (millions of constant (2017) dollars) 3/","Millions of constant 2017 dollars",110665.1,106301.7,105776.4,107596.2,107507.1,108689.1,109738.9,112752.0,115312.5,117377.7,117992.6,119234.7,117569.0,125923.9,131791.1,133679.9,136236.6
 "21000","Kentucky",5,SARPI,3,"..."," Real PCE (millions of constant (2017) dollars) 3/","Millions of constant 2017 dollars",148621.6,151208.8,150854.9,152555.9,153037.8,154470.0,156629.7,162775.2,166564.3,171378.3,177428.4,178147.2,176701.8,191007.6,194317.2,198177.2,201239.8
 "22000","Louisiana",5,SARPI,3,"..."," Real PCE (millions of constant (2017) dollars) 3/","Millions of constant 2017 dollars",157913.8,160981.5,161084.3,162478.7,163994.6,166655.8,169071.5,174290.5,175344.4,180213.6,185877.8,187327.6,182759.8,196851.1,200572.8,207599.9,212660.8
 "23000","Maine",1,SARPI,3,"..."," Real PCE (millions of constant (2017) dollars) 3/","Millions of constant 2017 dollars",51827.5,51981.5,53552.7,55006.8,53769.2,53583.1,57200.0,56760.6,58067.7,59613.1,61331.1,63606.0,61568.1,67446.1,66947.4,70777.9,73805.5
 "24000","Maryland",2,SARPI,3,"..."," Real PCE (millions of constant (2017) dollars) 3/","Millions of constant 2017 dollars",218007.1,213331.9,220761.2,221856.5,227530.6,227232.2,232602.1,238080.3,243025.6,247072.8,252436.1,256977.4,242418.0,260373.6,268139.1,274649.6,281367.3
 "25000","Massachusetts",1,SARPI,3,"..."," Real PCE (millions of constant (2017) dollars) 3/","Millions of constant 2017 dollars",285617.5,285288.8,292061.8,295463.4,298723.4,306957.7,311244.2,320443.3,318832.3,330340.4,337281.0,344793.7,323442.7,358361.9,357275.1,372934.6,392566.5
 "26000","Michigan",3,SARPI,3,"..."," Real PCE (millions of constant (2017) dollars) 3/","Millions of constant 2017 dollars",352925.6,346797.8,353761.0,362715.0,369010.9,374633.7,383260.3,402583.4,414494.7,427562.8,427984.0,429760.5,419887.1,451758.8,460283.7,461603.0,461882.2
 "27000","Minnesota",4,SARPI,3,"..."," Real PCE (millions of constant (2017) dollars) 3/","Millions of constant 2017 dollars",217694.6,210671.0,216650.5,221478.3,223402.2,227052.3,229916.5,237784.6,244446.6,252192.1,251444.0,255519.7,243870.7,261049.3,270219.1,271108.0,277559.0
 "28000","Mississippi",5,SARPI,3,"..."," Real PCE (millions of constant (2017) dollars) 3/","Millions of constant 2017 dollars",95746.6,97487.5,96569.9,97074.5,97758.4,98272.2,99460.4,102493.0,103611.2,105248.7,107477.7,107423.1,108446.4,115726.3,116472.5,118614.6,120277.8
 "29000","Missouri",4,SARPI,3,"..."," Real PCE (millions of constant (2017) dollars) 3/","Millions of constant 2017 dollars",237299.5,229583.9,227400.4,231919.8,235185.2,235720.9,237735.5,246720.4,252452.6,256429.6,261290.8,261583.1,257250.1,276912.4,286736.3,295484.3,302541.8
 "30000","Montana",7,SARPI,3,"..."," Real PCE (millions of constant (2017) dollars) 3/","Millions of constant 2017 dollars",37822.7,37384.3,39224.2,39351.8,40254.8,41231.3,41625.2,42560.0,43484.1,44570.7,47026.9,46985.0,47680.2,53661.4,56372.3,56946.2,56838.8
 "31000","Nebraska",4,SARPI,3,"..."," Real PCE (millions of constant (2017) dollars) 3/","Millions of constant 2017 dollars",71455.7,69731.4,70822.3,73405.5,73753.7,74813.4,76716.6,79194.0,81551.8,83720.4,83020.3,83553.3,81719.9,89642.9,93969.8,95259.8,98111.8
 "32000","Nevada",8,SARPI,3,"..."," Real PCE (millions of constant (2017) dollars) 3/","Millions of constant 2017 dollars",97324.9,91206.5,93674.5,93673.2,95288.8,99253.1,103171.3,108062.8,113561.3,115462.7,124549.9,125375.5,124889.8,140848.7,145640.2,146596.8,148265.3
 "33000","New Hampshire",1,SARPI,3,"..."," Real PCE (millions of constant (2017) dollars) 3/","Millions of constant 2017 dollars",54997.1,55318.1,56668.1,57196.8,58095.3,58989.1,59875.0,61012.7,61317.9,63059.2,65320.6,66128.7,64336.1,70449.6,69552.7,72187.4,75364.1
 "34000","New Jersey",2,SARPI,3,"..."," Real PCE (millions of constant (2017) dollars) 3/","Millions of constant 2017 dollars",364824.8,347148.5,358203.5,357221.1,360977.2,366013.2,372678.6,381222.2,388035.6,392323.0,393934.6,403216.9,391789.8,434744.4,442657.8,452026.5,465124.5
 "35000","New Mexico",6,SARPI,3,"..."," Real PCE (millions of constant (2017) dollars) 3/","Millions of constant 2017 dollars",67499.5,66518.3,68709.1,68209.3,68645.3,69752.2,71444.2,72919.2,74396.9,74305.9,79482.6,78416.0,77393.0,86813.0,87741.1,89150.1,89889.1
 "36000","New York",2,SARPI,3,"..."," Real PCE (millions of constant (2017) dollars) 3/","Millions of constant 2017 dollars",693619.8,694617.8,717957.0,724368.4,740626.2,756682.6,789647.0,805442.7,819384.9,840941.1,867271.1,888313.4,835470.2,893737.6,932736.1,960620.1,988827.8
 "37000","North Carolina",5,SARPI,3,"..."," Real PCE (millions of constant (2017) dollars) 3/","Millions of constant 2017 dollars",330686.7,331504.1,334023.1,337072.8,343425.5,349390.7,359359.1,373795.7,382840.4,397843.8,409416.3,426483.6,427350.2,459479.8,474277.8,488119.3,505038.2
 "38000","North Dakota",4,SARPI,3,"..."," Real PCE (millions of constant (2017) dollars) 3/","Millions of constant 2017 dollars",27988.7,28152.7,28785.5,30842.3,32720.5,34465.7,35903.7,37322.5,36611.1,37253.3,36907.0,36899.7,36562.1,38774.3,40199.0,41614.4,42061.5
 "39000","Ohio",3,SARPI,3,"..."," Real PCE (millions of constant (2017) dollars) 3/","Millions of constant 2017 dollars",423077.3,413183.3,421585.8,431764.3,434170.8,441534.1,450502.2,467058.7,474970.5,487268.1,488170.3,493368.7,487729.0,519787.1,532797.5,538732.6,545928.0
 "40000","Oklahoma",6,SARPI,3,"..."," Real PCE (millions of constant (2017) dollars) 3/","Millions of constant 2017 dollars",127831.3,127650.3,128138.5,130927.4,132263.8,134150.1,137093.3,139484.5,140514.8,143324.1,148672.3,149954.4,147319.6,159210.3,165103.6,168914.6,174621.1
 "41000","Oregon",8,SARPI,3,"..."," Real PCE (millions of constant (2017) dollars) 3/","Millions of constant 2017 dollars",137841.0,132236.7,135250.1,136550.9,135637.0,139256.8,145055.9,150518.7,158304.8,162225.5,162999.3,168075.1,165955.4,180702.8,179975.4,187084.0,194361.5
 "42000","Pennsylvania",2,SARPI,3,"..."," Real PCE (millions of constant (2017) dollars) 3/","Millions of constant 2017 dollars",496236.4,491732.9,506281.8,514973.3,518935.6,525037.9,534809.4,542809.8,551236.2,553225.9,574632.4,583344.2,561965.7,609337.6,628941.8,628508.1,642319.4
 "44000","Rhode Island",1,SARPI,3,"..."," Real PCE (millions of constant (2017) dollars) 3/","Millions of constant 2017 dollars",39323.2,38896.1,39716.4,40129.0,40325.2,40446.6,41964.3,42370.1,43167.6,43484.0,44665.8,45159.0,44512.6,48186.9,47496.5,49605.9,51041.2
 "45000","South Carolina",5,SARPI,3,"..."," Real PCE (millions of constant (2017) dollars) 3/","Millions of constant 2017 dollars",161964.3,162159.7,163965.1,165671.1,165674.6,169534.0,174918.7,181316.5,186479.5,192527.6,198307.5,205803.6,206328.4,219454.3,228375.0,235533.7,243011.5
 "46000","South Dakota",4,SARPI,3,"..."," Real PCE (millions of constant (2017) dollars) 3/","Millions of constant 2017 dollars",32060.6,31964.7,32296.3,33286.7,33087.4,33663.5,34658.0,36413.7,37683.4,38683.9,37963.9,38417.4,38441.5,42175.3,44336.7,44802.1,45663.4
 "47000","Tennessee",5,SARPI,3,"..."," Real PCE (millions of constant (2017) dollars) 3/","Millions of constant 2017 dollars",222053.1,222321.5,223065.9,226098.1,227177.1,229868.2,236419.1,243317.2,248223.7,257946.1,273572.0,276388.5,276544.9,302733.6,309229.8,317549.0,327676.6
 "48000","Texas",6,SARPI,3,"..."," Real PCE (millions of constant (2017) dollars) 3/","Millions of constant 2017 dollars",848155.8,853417.9,872881.2,908605.8,927855.8,951116.0,990826.3,1032512.9,1060977.5,1101417.0,1126936.9,1147712.7,1139210.0,1257862.6,1319501.2,1362263.1,1409346.6
 "49000","Utah",7,SARPI,3,"..."," Real PCE (millions of constant (2017) dollars) 3/","Millions of constant 2017 dollars",85634.4,81937.8,84859.6,84511.0,87438.6,90600.0,95298.1,99984.2,105998.6,108997.1,117779.4,121245.3,125811.1,142517.2,149499.7,150891.8,150955.1
 "50000","Vermont",1,SARPI,3,"..."," Real PCE (millions of constant (2017) dollars) 3/","Millions of constant 2017 dollars",25705.6,25604.2,26544.5,27281.4,27204.4,27278.6,28503.3,28247.7,28775.6,28591.7,29607.2,30024.6,28442.4,30960.5,30757.1,32821.6,33526.7
 "51000","Virginia",5,SARPI,3,"..."," Real PCE (millions of constant (2017) dollars) 3/","Millions of constant 2017 dollars",302499.5,302992.9,306303.2,310516.9,316585.8,316383.1,321867.7,327933.6,335767.6,345174.2,350310.6,362860.1,351371.3,374755.6,384616.8,398507.9,410314.0
 "53000","Washington",8,SARPI,3,"..."," Real PCE (millions of constant (2017) dollars) 3/","Millions of constant 2017 dollars",249308.6,246786.8,254698.2,258612.8,264894.8,271532.8,277195.8,287385.7,295724.0,304284.6,316401.2,323202.0,316480.5,341846.1,348049.2,361626.1,377867.1
 "54000","West Virginia",5,SARPI,3,"..."," Real PCE (millions of constant (2017) dollars) 3/","Millions of constant 2017 dollars",64213.7,66250.1,66181.1,67231.7,67734.2,67457.9,68272.0,69404.0,71341.2,71962.3,72847.1,74056.5,73436.6,74629.2,77054.6,78346.3,80418.6
 "55000","Wisconsin",3,SARPI,3,"..."," Real PCE (millions of constant (2017) dollars) 3/","Millions of constant 2017 dollars",217006.9,213253.2,215535.5,220230.3,218874.2,222334.6,227171.9,233829.8,238512.7,243702.6,246872.4,249569.9,246341.5,264391.8,274300.6,276757.4,280238.9
 "56000","Wyoming",7,SARPI,3,"..."," Real PCE (millions of constant (2017) dollars) 3/","Millions of constant 2017 dollars",21952.5,21821.5,22210.1,22429.0,23321.4,23503.1,24296.6,24536.3,24505.4,24599.7,26152.6,25938.0,26703.6,28683.4,29381.6,30005.1,30523.5
 "00000","United States", ,SARPI,4,"..."," Real per capita PCE (constant (2017) dollars) 4/","Constant 2017 dollars",37063,36260,36640,36969,37177,37540,38296,39273,39923,40693,41564,42238,41007,44542,45617,46400,47304
 "01000","Alabama",5,SARPI,4,"..."," Real per capita PCE (constant (2017) dollars) 4/","Constant 2017 dollars",34759,34535,34004,34022,33777,34202,34665,35644,35932,36656,38185,38714,38164,41079,41604,41942,42875
 "02000","Alaska",8,SARPI,4,"..."," Real per capita PCE (constant (2017) dollars) 4/","Constant 2017 dollars",42007,41182,42829,43247,43794,43904,44501,44796,44682,44905,45831,47048,45158,47362,49913,50628,52421
 "04000","Arizona",6,SARPI,4,"..."," Real per capita PCE (constant (2017) dollars) 4/","Constant 2017 dollars",34415,32897,33721,34362,34835,35078,35859,36766,37007,38494,39564,40080,39144,43910,43643,44027,45148
 "05000","Arkansas",5,SARPI,4,"..."," Real per capita PCE (constant (2017) dollars) 4/","Constant 2017 dollars",33285,33482,33075,33224,33403,33624,34457,35517,36266,37021,38404,38267,37985,40706,41922,42442,43027
 "06000","California",8,SARPI,4,"..."," Real per capita PCE (constant (2017) dollars) 4/","Constant 2017 dollars",35674,34459,35024,35396,35797,36147,36902,38025,39300,40039,41120,42669,40786,45177,46302,47607,49345
 "08000","Colorado",7,SARPI,4,"..."," Real per capita PCE (constant (2017) dollars) 4/","Constant 2017 dollars",38465,37716,38300,37636,37514,38282,39413,40775,41891,43018,45062,45367,43660,48543,50537,51683,52141
 "09000","Connecticut",1,SARPI,4,"..."," Real per capita PCE (constant (2017) dollars) 4/","Constant 2017 dollars",41797,40767,42312,41956,42235,42550,43770,44631,45051,45776,47943,48126,46829,50818,49427,51058,52013
 "10000","Delaware",2,SARPI,4,"..."," Real per capita PCE (constant (2017) dollars) 4/","Constant 2017 dollars",41547,40276,40803,41655,41759,42275,42653,43966,43970,44543,45198,45685,44490,47954,48255,48477,48724
 "11000","District of Columbia",2,SARPI,4,"..."," Real per capita PCE (constant (2017) dollars) 4/","Constant 2017 dollars",57431,55091,55261,55068,56039,55623,56008,57532,58468,60399,61523,63898,60427,65272,65418,67343,68952
 "12000","Florida",5,SARPI,4,"..."," Real per capita PCE (constant (2017) dollars) 4/","Constant 2017 dollars",38080,37225,37571,37811,37993,38421,39395,40509,40956,41745,42990,43952,42506,46442,47394,47827,48963
 "13000","Georgia",5,SARPI,4,"..."," Real per capita PCE (constant (2017) dollars) 4/","Constant 2017 dollars",35318,35000,34076,34745,34277,34956,35873,36928,37500,38278,39232,40031,38900,42053,42900,43275,44344
 "15000","Hawaii",8,SARPI,4,"..."," Real per capita PCE (constant (2017) dollars) 4/","Constant 2017 dollars",36343,34799,35467,35225,35781,35106,36041,36448,37250,38068,38710,39664,37251,40529,42240,43705,44649
 "16000","Idaho",7,SARPI,4,"..."," Real per capita PCE (constant (2017) dollars) 4/","Constant 2017 dollars",32231,31002,31541,31424,31798,32534,33133,33307,34563,34605,36277,36268,36487,39973,41136,41258,40728
 "17000","Illinois",3,SARPI,4,"..."," Real per capita PCE (constant (2017) dollars) 4/","Constant 2017 dollars",38037,36698,37083,37292,37735,38304,39259,40714,41268,41648,42577,43451,41849,44927,46566,48603,49033
 "18000","Indiana",3,SARPI,4,"..."," Real per capita PCE (constant (2017) dollars) 4/","Constant 2017 dollars",35553,34700,34884,35423,35775,35873,36535,37786,38567,39803,39695,39924,39820,42437,44166,44583,44899
 "19000","Iowa",4,SARPI,4,"..."," Real per capita PCE (constant (2017) dollars) 4/","Constant 2017 dollars",38208,37092,36919,38064,37862,38028,38656,39728,40532,41236,40369,40659,40019,43314,44608,44609,45584
 "20000","Kansas",4,SARPI,4,"..."," Real per capita PCE (constant (2017) dollars) 4/","Constant 2017 dollars",39410,37527,37000,37457,37185,37457,37691,38578,39393,40096,40249,40642,40014,42855,44868,45292,45862
 "21000","Kentucky",5,SARPI,4,"..."," Real per capita PCE (constant (2017) dollars) 4/","Constant 2017 dollars",34645,35026,34686,34875,34828,34980,35366,36630,37365,38290,39540,39604,39195,42375,42998,43550,43859
 "22000","Louisiana",5,SARPI,4,"..."," Real per capita PCE (constant (2017) dollars) 4/","Constant 2017 dollars",35602,35840,35444,35498,35623,36008,36369,37317,37422,38519,39802,40160,39284,42535,43663,45248,46253
 "23000","Maine",1,SARPI,4,"..."," Real per capita PCE (constant (2017) dollars) 4/","Constant 2017 dollars",38953,39096,40327,41357,40399,40207,42795,42493,43325,44323,45410,46854,45119,48912,48132,50568,52530
 "24000","Maryland",2,SARPI,4,"..."," Real per capita PCE (constant (2017) dollars) 4/","Constant 2017 dollars",38348,37228,38117,37892,38468,38104,38702,39350,39968,40414,41119,41692,39239,42136,43301,44177,44924
 "25000","Massachusetts",1,SARPI,4,"..."," Real per capita PCE (constant (2017) dollars) 4/","Constant 2017 dollars",44152,43772,44456,44560,44626,45421,45631,46667,46143,47469,48221,49138,46242,51191,50876,52774,55011
 "26000","Michigan",3,SARPI,4,"..."," Real per capita PCE (constant (2017) dollars) 4/","Constant 2017 dollars",35481,35024,35805,36654,37195,37661,38422,40309,41378,42544,42499,42643,41686,44990,45795,45779,45548
 "27000","Minnesota",4,SARPI,4,"..."," Real per capita PCE (constant (2017) dollars) 4/","Constant 2017 dollars",41489,39891,40784,41375,41456,41805,42000,43150,43989,44986,44499,44931,42704,45649,47228,47124,47912
 "28000","Mississippi",5,SARPI,4,"..."," Real per capita PCE (constant (2017) dollars) 4/","Constant 2017 dollars",32481,32949,32511,32598,32779,32904,33290,34336,34718,35278,36131,36181,36655,39266,39590,40302,40868
 "29000","Missouri",4,SARPI,4,"..."," Real per capita PCE (constant (2017) dollars) 4/","Constant 2017 dollars",40058,38514,37924,38579,39024,39001,39227,40599,41431,41944,42635,42580,41797,44870,46402,47597,48442
 "30000","Montana",7,SARPI,4,"..."," Real per capita PCE (constant (2017) dollars) 4/","Constant 2017 dollars",38736,37993,39585,39421,40036,40580,40605,41139,41581,42124,44090,43687,43855,48496,50238,50337,49980
 "31000","Nebraska",4,SARPI,4,"..."," Real per capita PCE (constant (2017) dollars) 4/","Constant 2017 dollars",39778,38469,38697,39809,39671,39929,40586,41577,42439,43276,42673,42739,41622,45631,47646,47921,48922
 "32000","Nevada",8,SARPI,4,"..."," Real per capita PCE (constant (2017) dollars) 4/","Constant 2017 dollars",36676,33973,34670,34564,34786,35842,36732,37837,39097,39077,41365,40857,40068,44740,45855,45607,45376
 "33000","New Hampshire",1,SARPI,4,"..."," Real per capita PCE (constant (2017) dollars) 4/","Constant 2017 dollars",41794,42032,43025,43267,43767,44314,44705,45404,45381,46399,47856,48204,46662,50768,49799,51482,53486
 "34000","New Jersey",2,SARPI,4,"..."," Real per capita PCE (constant (2017) dollars) 4/","Constant 2017 dollars",41881,39649,40662,40236,40399,40726,41242,41988,42537,42752,42726,43547,42252,46895,47622,48192,48956
 "35000","New Mexico",6,SARPI,4,"..."," Real per capita PCE (constant (2017) dollars) 4/","Constant 2017 dollars",33571,32658,33275,32759,32840,33270,34101,34789,35432,35365,37792,37161,36530,41001,41507,42029,42196
 "36000","New York",2,SARPI,4,"..."," Real per capita PCE (constant (2017) dollars) 4/","Constant 2017 dollars",36103,35977,36969,36954,37484,38038,39480,40098,40668,41657,42893,43932,41555,45028,47338,48670,49772
 "37000","North Carolina",5,SARPI,4,"..."," Real per capita PCE (constant (2017) dollars) 4/","Constant 2017 dollars",35522,35081,34899,34962,35333,35651,36384,37520,38007,39110,39850,41128,40896,43494,44280,44859,45721
 "38000","North Dakota",4,SARPI,4,"..."," Real per capita PCE (constant (2017) dollars) 4/","Constant 2017 dollars",42564,42337,42639,44877,46389,47365,48217,48927,47871,48582,47838,47518,46901,49841,51467,52740,52803
 "39000","Ohio",3,SARPI,4,"..."," Real per capita PCE (constant (2017) dollars) 4/","Constant 2017 dollars",36740,35839,36526,37356,37515,38024,38673,40006,40588,41512,41500,41851,41337,44172,45237,45563,45941
 "40000","Oklahoma",6,SARPI,4,"..."," Real per capita PCE (constant (2017) dollars) 4/","Constant 2017 dollars",34841,34337,34083,34577,34668,34863,35412,35757,35876,36559,37846,38024,37151,39880,41007,41565,42638
 "41000","Oregon",8,SARPI,4,"..."," Real per capita PCE (constant (2017) dollars) 4/","Constant 2017 dollars",36575,34721,35243,35260,34778,35488,36581,37457,38675,39117,38963,39866,39106,42476,42373,43982,45493
 "42000","Pennsylvania",2,SARPI,4,"..."," Real per capita PCE (constant (2017) dollars) 4/","Constant 2017 dollars",39345,38820,39813,40317,40491,40868,41520,42081,42670,42734,44267,44902,43241,46816,48436,48281,49112
 "44000","Rhode Island",1,SARPI,4,"..."," Real per capita PCE (constant (2017) dollars) 4/","Constant 2017 dollars",37273,36916,37647,37902,37908,37859,39100,39321,39880,40074,40909,41257,40594,43916,43198,44956,45888
 "45000","South Carolina",5,SARPI,4,"..."," Real per capita PCE (constant (2017) dollars) 4/","Constant 2017 dollars",35762,35330,35386,35538,35255,35781,36520,37384,37992,38787,39507,40537,40202,42249,43188,43716,44355
 "46000","South Dakota",4,SARPI,4,"..."," Real per capita PCE (constant (2017) dollars) 4/","Constant 2017 dollars",40120,39606,39576,40440,39734,40022,40893,42738,43790,44459,43375,43533,43292,47045,48736,48788,49384
 "47000","Tennessee",5,SARPI,4,"..."," Real per capita PCE (constant (2017) dollars) 4/","Constant 2017 dollars",35543,35255,35093,35302,35147,35319,36043,36790,37198,38271,40190,40275,39918,43460,43787,44423,45336
 "48000","Texas",6,SARPI,4,"..."," Real per capita PCE (constant (2017) dollars) 4/","Constant 2017 dollars",34891,34410,34585,35454,35615,35981,36829,37690,38129,39073,39530,39773,38961,42538,43818,44333,45040
 "49000","Utah",7,SARPI,4,"..."," Real per capita PCE (constant (2017) dollars) 4/","Constant 2017 dollars",32157,30086,30567,29981,30558,31143,32283,33323,34592,34859,37019,37502,38309,42673,44087,43823,43086
 "50000","Vermont",1,SARPI,4,"..."," Real per capita PCE (constant (2017) dollars) 4/","Constant 2017 dollars",41185,40979,42379,43331,43134,43104,44967,44421,45216,44738,46212,46778,44235,47837,47454,50595,51699
 "51000","Virginia",5,SARPI,4,"..."," Real per capita PCE (constant (2017) dollars) 4/","Constant 2017 dollars",38616,38228,38168,38298,38620,38256,38620,39084,39758,40594,40985,42205,40679,43280,44293,45624,46567
 "53000","Washington",8,SARPI,4,"..."," Real per capita PCE (constant (2017) dollars) 4/","Constant 2017 dollars",37991,37014,37768,37860,38365,38929,39213,40018,40417,40857,41913,42310,40957,44145,44655,46024,47482
 "54000","West Virginia",5,SARPI,4,"..."," Real per capita PCE (constant (2017) dollars) 4/","Constant 2017 dollars",34893,35854,35689,36199,36442,36334,36845,37591,38858,39480,40234,41132,40988,41795,43433,44251,45435
 "55000","Wisconsin",3,SARPI,4,"..."," Real per capita PCE (constant (2017) dollars) 4/","Constant 2017 dollars",38470,37616,37866,38547,38169,38616,39311,40353,41032,41753,42136,42442,41771,44952,46460,46668,47012
 "56000","Wyoming",7,SARPI,4,"..."," Real per capita PCE (constant (2017) dollars) 4/","Constant 2017 dollars",40203,38977,39352,39568,40524,40457,41821,42038,42105,42690,45500,45084,46225,49485,50486,51285,51944
"Note: See the included footnote file."
"SARPI: Real personal income and real personal consumption expenditures (PCE) by state "
"Last updated: February 19, 2026-- new statistics for 2024; revised statistics for 2008-2023."
"U.S. Bureau of Economic Analysis"
